-- phpMyAdmin SQL Dump
-- version 4.0.4
-- http://www.phpmyadmin.net
--
-- Host: localhost
-- Generation Time: Jun 04, 2014 at 08:31 AM
-- Server version: 5.6.12-log
-- PHP Version: 5.4.12

SET SQL_MODE = "NO_AUTO_VALUE_ON_ZERO";
SET time_zone = "+00:00";


/*!40101 SET @OLD_CHARACTER_SET_CLIENT=@@CHARACTER_SET_CLIENT */;
/*!40101 SET @OLD_CHARACTER_SET_RESULTS=@@CHARACTER_SET_RESULTS */;
/*!40101 SET @OLD_COLLATION_CONNECTION=@@COLLATION_CONNECTION */;
/*!40101 SET NAMES utf8 */;

--
-- Database: `rapid_design`
--
CREATE DATABASE IF NOT EXISTS `rapid_design` DEFAULT CHARACTER SET utf8 COLLATE utf8_general_ci;
USE `rapid_design`;

-- --------------------------------------------------------

--
-- Table structure for table `design__attributes`
--

CREATE TABLE IF NOT EXISTS `design__attributes` (
  `id` int(11) NOT NULL AUTO_INCREMENT,
  `title` varchar(255) NOT NULL,
  `type` varchar(255) NOT NULL,
  `name` varchar(255) NOT NULL,
  PRIMARY KEY (`id`)
) ENGINE=InnoDB  DEFAULT CHARSET=utf8 AUTO_INCREMENT=9 ;

--
-- Dumping data for table `design__attributes`
--

INSERT INTO `design__attributes` (`id`, `title`, `type`, `name`) VALUES
(1, 'Label', 'Label', 'label'),
(2, 'Input Type', 'InputType', 'type'),
(3, 'Image Source', 'ImageSource', 'src'),
(4, 'Title', 'Label', 'title'),
(5, 'Text', 'Text', 'text'),
(6, 'Link', 'ImageSource', 'href'),
(7, 'Target', 'Target', 'target');

-- --------------------------------------------------------

--
-- Table structure for table `design__elements`
--

CREATE TABLE IF NOT EXISTS `design__elements` (
  `id` int(11) NOT NULL AUTO_INCREMENT,
  `group_id` int(11) NOT NULL,
  `title` varchar(255) NOT NULL,
  `tag` varchar(255) NOT NULL,
  PRIMARY KEY (`id`)
) ENGINE=InnoDB  DEFAULT CHARSET=utf8 AUTO_INCREMENT=30 ;

--
-- Dumping data for table `design__elements`
--

INSERT INTO `design__elements` (`id`, `group_id`, `title`, `tag`) VALUES
(1, 1, 'article', 'article'),
(2, 1, 'aside', 'aside'),
(3, 1, 'navigation', 'nav'),
(4, 2, 'link', 'a'),
(5, 1, 'block', 'div'),
(6, 1, 'header', 'header'),
(7, 1, 'footer', 'footer'),
(8, 2, 'non-numbered list', 'ul'),
(9, 2, 'numbered list', 'ol'),
(13, 2, 'highlight 1', 'h1'),
(14, 2, 'highlight 2', 'h2'),
(15, 2, 'highlight 3', 'h3'),
(16, 2, 'highlight 4', 'h4'),
(17, 2, 'highlight 5', 'h5'),
(18, 2, 'highlight 6', 'h6'),
(19, 2, 'image', 'img'),
(20, 2, 'label', 'label'),
(21, 2, 'paragraph', 'p'),
(24, 3, 'form', 'form'),
(25, 3, 'input', 'input'),
(26, 3, 'select', 'select'),
(27, 1, 'inline-block', 'div'),
(28, 5, 'test element', 'div');

-- --------------------------------------------------------

--
-- Table structure for table `design__elements_attributes`
--

CREATE TABLE IF NOT EXISTS `design__elements_attributes` (
  `element_id` int(11) NOT NULL,
  `attribute_id` int(11) NOT NULL,
  UNIQUE KEY `element_id_2` (`element_id`,`attribute_id`),
  KEY `element_id` (`element_id`)
) ENGINE=InnoDB DEFAULT CHARSET=utf8;

--
-- Dumping data for table `design__elements_attributes`
--

INSERT INTO `design__elements_attributes` (`element_id`, `attribute_id`) VALUES
(1, 1),
(1, 4),
(2, 1),
(2, 4),
(3, 1),
(3, 4),
(4, 1),
(4, 4),
(4, 5),
(4, 6),
(4, 7),
(5, 1),
(5, 4),
(6, 1),
(6, 4),
(7, 1),
(7, 4),
(8, 1),
(8, 4),
(9, 1),
(9, 4),
(13, 1),
(13, 4),
(13, 5),
(14, 1),
(14, 4),
(14, 5),
(15, 1),
(15, 4),
(15, 5),
(16, 1),
(16, 4),
(16, 5),
(17, 1),
(17, 4),
(17, 5),
(18, 1),
(18, 4),
(18, 5),
(19, 1),
(19, 3),
(19, 4),
(20, 1),
(20, 4),
(20, 5),
(21, 1),
(21, 4),
(21, 5),
(27, 1),
(27, 4);

-- --------------------------------------------------------

--
-- Table structure for table `design__elements_styles`
--

CREATE TABLE IF NOT EXISTS `design__elements_styles` (
  `element_id` int(11) NOT NULL,
  `style_id` int(11) NOT NULL,
  UNIQUE KEY `element_id_2` (`element_id`,`style_id`),
  KEY `element_id` (`element_id`)
) ENGINE=InnoDB DEFAULT CHARSET=utf8;

--
-- Dumping data for table `design__elements_styles`
--

INSERT INTO `design__elements_styles` (`element_id`, `style_id`) VALUES
(1, 1),
(1, 2),
(1, 3),
(1, 4),
(1, 5),
(1, 6),
(1, 7),
(1, 8),
(1, 9),
(1, 10),
(1, 11),
(1, 12),
(1, 13),
(1, 14),
(1, 15),
(1, 16),
(1, 17),
(1, 18),
(1, 19),
(1, 20),
(1, 21),
(1, 22),
(1, 23),
(1, 24),
(1, 25),
(1, 26),
(1, 33),
(1, 34),
(1, 35),
(1, 36),
(1, 37),
(1, 38),
(1, 39),
(1, 40),
(2, 1),
(2, 2),
(2, 3),
(2, 4),
(2, 5),
(2, 6),
(2, 7),
(2, 8),
(2, 9),
(2, 10),
(2, 11),
(2, 12),
(2, 13),
(2, 14),
(2, 15),
(2, 16),
(2, 17),
(2, 18),
(2, 19),
(2, 20),
(2, 21),
(2, 22),
(2, 23),
(2, 24),
(2, 25),
(2, 26),
(2, 33),
(2, 34),
(2, 35),
(2, 36),
(2, 37),
(2, 38),
(2, 39),
(2, 40),
(3, 1),
(3, 2),
(3, 3),
(3, 4),
(3, 5),
(3, 6),
(3, 7),
(3, 8),
(3, 9),
(3, 10),
(3, 11),
(3, 12),
(3, 13),
(3, 14),
(3, 15),
(3, 16),
(3, 17),
(3, 18),
(3, 19),
(3, 20),
(3, 21),
(3, 22),
(3, 23),
(3, 24),
(3, 25),
(3, 26),
(3, 33),
(3, 34),
(3, 35),
(3, 36),
(3, 37),
(3, 38),
(3, 39),
(3, 40),
(4, 27),
(4, 28),
(4, 29),
(4, 30),
(4, 31),
(4, 32),
(5, 1),
(5, 2),
(5, 3),
(5, 4),
(5, 5),
(5, 6),
(5, 7),
(5, 8),
(5, 9),
(5, 10),
(5, 11),
(5, 12),
(5, 13),
(5, 14),
(5, 15),
(5, 16),
(5, 17),
(5, 18),
(5, 19),
(5, 20),
(5, 21),
(5, 22),
(5, 23),
(5, 24),
(5, 25),
(5, 26),
(5, 33),
(5, 34),
(5, 35),
(5, 36),
(5, 37),
(5, 38),
(5, 39),
(5, 40),
(6, 1),
(6, 2),
(6, 3),
(6, 4),
(6, 5),
(6, 6),
(6, 7),
(6, 8),
(6, 9),
(6, 10),
(6, 11),
(6, 12),
(6, 13),
(6, 14),
(6, 15),
(6, 16),
(6, 17),
(6, 18),
(6, 19),
(6, 20),
(6, 21),
(6, 22),
(6, 23),
(6, 24),
(6, 25),
(6, 26),
(6, 33),
(6, 34),
(6, 35),
(6, 36),
(6, 37),
(6, 38),
(6, 39),
(6, 40),
(7, 1),
(7, 2),
(7, 3),
(7, 4),
(7, 5),
(7, 6),
(7, 7),
(7, 8),
(7, 9),
(7, 10),
(7, 11),
(7, 12),
(7, 13),
(7, 14),
(7, 15),
(7, 16),
(7, 17),
(7, 18),
(7, 19),
(7, 20),
(7, 21),
(7, 22),
(7, 23),
(7, 24),
(7, 25),
(7, 26),
(7, 33),
(7, 34),
(7, 35),
(7, 36),
(7, 37),
(7, 38),
(7, 39),
(7, 40),
(8, 1),
(8, 2),
(8, 3),
(8, 4),
(8, 5),
(8, 6),
(8, 7),
(8, 8),
(8, 9),
(8, 10),
(8, 11),
(8, 12),
(8, 13),
(8, 14),
(8, 15),
(8, 16),
(8, 17),
(8, 18),
(8, 19),
(8, 20),
(8, 21),
(8, 22),
(8, 23),
(8, 24),
(8, 25),
(8, 26),
(8, 27),
(8, 28),
(8, 29),
(8, 30),
(8, 31),
(8, 32),
(8, 33),
(8, 34),
(9, 1),
(9, 2),
(9, 3),
(9, 4),
(9, 5),
(9, 6),
(9, 7),
(9, 8),
(9, 9),
(9, 10),
(9, 11),
(9, 12),
(9, 13),
(9, 14),
(9, 15),
(9, 16),
(9, 17),
(9, 18),
(9, 19),
(9, 20),
(9, 21),
(9, 22),
(9, 23),
(9, 24),
(9, 25),
(9, 26),
(9, 27),
(9, 28),
(9, 29),
(9, 30),
(9, 31),
(9, 32),
(9, 33),
(9, 34),
(13, 6),
(13, 8),
(13, 9),
(13, 27),
(13, 28),
(13, 29),
(13, 30),
(13, 31),
(13, 32),
(14, 6),
(14, 8),
(14, 9),
(14, 27),
(14, 28),
(14, 29),
(14, 30),
(14, 31),
(14, 32),
(15, 6),
(15, 8),
(15, 9),
(15, 27),
(15, 28),
(15, 29),
(15, 30),
(15, 31),
(15, 32),
(16, 6),
(16, 8),
(16, 9),
(16, 27),
(16, 28),
(16, 29),
(16, 30),
(16, 31),
(16, 32),
(17, 6),
(17, 8),
(17, 9),
(17, 27),
(17, 28),
(17, 29),
(17, 30),
(17, 31),
(17, 32),
(18, 6),
(18, 8),
(18, 9),
(18, 27),
(18, 28),
(18, 29),
(18, 30),
(18, 31),
(18, 32),
(19, 1),
(19, 2),
(19, 3),
(19, 4),
(19, 5),
(19, 6),
(19, 7),
(19, 8),
(19, 15),
(19, 16),
(19, 17),
(19, 18),
(19, 19),
(19, 20),
(19, 21),
(19, 22),
(19, 33),
(20, 9),
(20, 27),
(20, 28),
(20, 29),
(20, 30),
(20, 31),
(20, 32),
(21, 9),
(21, 27),
(21, 28),
(21, 29),
(21, 30),
(21, 31),
(21, 32),
(27, 1),
(27, 2),
(27, 3),
(27, 4),
(27, 5),
(27, 6),
(27, 7),
(27, 8),
(27, 9),
(27, 10),
(27, 11),
(27, 12),
(27, 13),
(27, 14),
(27, 15),
(27, 16),
(27, 17),
(27, 18),
(27, 19),
(27, 20),
(27, 21),
(27, 22),
(27, 23),
(27, 24),
(27, 25),
(27, 26),
(27, 33),
(27, 34),
(27, 35),
(27, 36),
(27, 37),
(27, 38),
(27, 39),
(27, 40);

-- --------------------------------------------------------

--
-- Table structure for table `design__element_style_groups`
--

CREATE TABLE IF NOT EXISTS `design__element_style_groups` (
  `id` int(11) NOT NULL AUTO_INCREMENT,
  `title` varchar(255) NOT NULL,
  PRIMARY KEY (`id`)
) ENGINE=InnoDB  DEFAULT CHARSET=utf8 AUTO_INCREMENT=10 ;

--
-- Dumping data for table `design__element_style_groups`
--

INSERT INTO `design__element_style_groups` (`id`, `title`) VALUES
(2, 'Text'),
(3, 'Indention'),
(4, 'Position'),
(5, 'Form, Size'),
(6, 'Font'),
(7, 'Visibility'),
(8, 'Background');

-- --------------------------------------------------------

--
-- Table structure for table `design__groups`
--

CREATE TABLE IF NOT EXISTS `design__groups` (
  `id` int(11) NOT NULL AUTO_INCREMENT,
  `title` varchar(255) NOT NULL,
  PRIMARY KEY (`id`)
) ENGINE=InnoDB  DEFAULT CHARSET=utf8 AUTO_INCREMENT=6 ;

--
-- Dumping data for table `design__groups`
--

INSERT INTO `design__groups` (`id`, `title`) VALUES
(1, 'containers'),
(2, 'elements'),
(3, 'interaction+presets'),
(5, 'test group 2');

-- --------------------------------------------------------

--
-- Table structure for table `design__styles`
--

CREATE TABLE IF NOT EXISTS `design__styles` (
  `id` int(11) NOT NULL AUTO_INCREMENT,
  `title` varchar(255) NOT NULL,
  `type` varchar(255) NOT NULL,
  `name` varchar(255) NOT NULL,
  `style_group_id` int(11) NOT NULL,
  PRIMARY KEY (`id`)
) ENGINE=InnoDB  DEFAULT CHARSET=utf8 AUTO_INCREMENT=42 ;

--
-- Dumping data for table `design__styles`
--

INSERT INTO `design__styles` (`id`, `title`, `type`, `name`, `style_group_id`) VALUES
(1, 'width', '["None","Pixel","Percentage"]', 'width', 5),
(2, 'height', '["Pixel","Percentage","None"]', 'height', 5),
(3, 'border-width', '["Pixel"]', 'border-width', 5),
(4, 'margin-all', '["None","Pixel","Auto"]', 'margin', 3),
(5, 'margin-left', '["None","Pixel"]', 'margin-left', 3),
(6, 'margin-top', '["None","Pixel"]', 'margin-top', 3),
(7, 'margin-right', '["None","Pixel"]', 'margin-right', 3),
(8, 'margin-bottom', '["None","Pixel"]', 'margin-bottom', 3),
(9, 'padding-all', '["None","Pixel","Auto"]', 'padding', 3),
(10, 'padding-left', '["None","Pixel"]', 'padding-left', 3),
(11, 'padding-top', '["None","Pixel"]', 'padding-top', 3),
(12, 'padding-right', '["None","Pixel"]', 'padding-right', 3),
(13, 'padding-bottom', '["None","Pixel"]', 'padding-bottom', 3),
(14, 'overflow', '["Overflow"]', 'overflow', 3),
(15, 'position-left', '["None","Number","Pixel"]', 'left', 4),
(16, 'position-top', '["None","Number","Pixel"]', 'top', 4),
(17, 'position-right', '["None","Number","Pixel"]', 'right', 4),
(18, 'position-bottom', '["None","Number","Pixel"]', 'bottom', 4),
(19, 'float', '["None","Float"]', 'float', 4),
(20, 'border-style', '["Line"]', 'border-style', 5),
(21, 'border-color', '["Color"]', 'border-color', 5),
(22, 'border-radius', '["None","Pixel"]', 'border-radius', 5),
(23, 'min-width', '["None","Pixel"]', 'min-width', 5),
(24, 'max-width', '["None","Pixel"]', 'max-width', 5),
(25, 'min-height', '["None","Pixel"]', 'min-height', 5),
(26, 'max-height', '["None","Pixel"]', 'max-height', 5),
(27, 'font-size', '["None","Pixel"]', 'font-size', 6),
(28, 'font-family', '["FontFamily"]', 'font-family', 6),
(29, 'color', '["Color"]', 'color', 6),
(30, 'line-height', '["None","Pixel"]', 'line-height', 2),
(31, 'align', '["Align"]', 'text-align', 2),
(32, 'letter-spacing', '["None","Pixel"]', 'letter-spacing', 2),
(33, 'opacity', '["None","Number","FloatNumber"]', 'opacity', 7),
(34, 'visibility', '["Visibility"]', 'visibility', 7),
(35, 'background color', '["Color"]', 'background-color', 8),
(36, 'background image', '["ImageSource"]', 'background-image', 8),
(37, 'background size', '["BgSize"]', 'background-size', 8),
(38, 'background-repeat-all', '["None","YesNo"]', 'background-repeat-all', 8),
(39, 'background-repeat-x', '["None","YesNo"]', 'background-repeat-x', 8),
(40, 'background-repeat-y', '["None","YesNo"]', 'background-repeat-y', 8);

-- --------------------------------------------------------

--
-- Table structure for table `manipulation__elements`
--

CREATE TABLE IF NOT EXISTS `manipulation__elements` (
  `id` int(11) NOT NULL AUTO_INCREMENT,
  `design_element_id` int(11) NOT NULL,
  `parent_element_id` int(11) NOT NULL,
  `page_id` int(11) NOT NULL,
  PRIMARY KEY (`id`)
) ENGINE=InnoDB  DEFAULT CHARSET=utf8 AUTO_INCREMENT=138 ;

--
-- Dumping data for table `manipulation__elements`
--

INSERT INTO `manipulation__elements` (`id`, `design_element_id`, `parent_element_id`, `page_id`) VALUES
(22, 6, 0, 1),
(23, 6, 22, 1),
(24, 19, 23, 1),
(25, 6, 22, 1),
(26, 13, 25, 1),
(27, 15, 25, 1),
(28, 5, 0, 1),
(29, 16, 28, 1),
(30, 5, 0, 1),
(32, 27, 30, 1),
(33, 15, 32, 1),
(38, 4, 32, 1),
(39, 19, 32, 1),
(40, 27, 30, 1),
(41, 15, 40, 1),
(42, 4, 40, 1),
(43, 19, 40, 1),
(44, 27, 30, 1),
(45, 15, 44, 1),
(46, 4, 44, 1),
(47, 19, 44, 1),
(48, 27, 30, 1),
(49, 15, 48, 1),
(50, 4, 48, 1),
(51, 19, 48, 1),
(52, 27, 30, 1),
(53, 15, 52, 1),
(54, 4, 52, 1),
(55, 19, 52, 1),
(56, 27, 30, 1),
(57, 15, 56, 1),
(58, 4, 56, 1),
(59, 19, 56, 1),
(60, 5, 0, 1),
(61, 19, 60, 1),
(63, 5, 0, 1),
(69, 5, 63, 1),
(97, 6, 69, 1),
(98, 16, 97, 1),
(99, 27, 69, 1),
(100, 5, 99, 1),
(101, 19, 100, 1),
(102, 16, 99, 1),
(103, 21, 99, 1),
(104, 27, 69, 1),
(105, 5, 104, 1),
(106, 16, 104, 1),
(107, 21, 104, 1),
(108, 19, 105, 1),
(109, 27, 69, 1),
(110, 5, 109, 1),
(111, 16, 109, 1),
(112, 21, 109, 1),
(113, 19, 110, 1),
(114, 27, 69, 1),
(115, 5, 114, 1),
(116, 16, 114, 1),
(117, 21, 114, 1),
(118, 19, 115, 1),
(119, 27, 69, 1),
(120, 5, 119, 1),
(121, 16, 119, 1),
(122, 21, 119, 1),
(123, 19, 120, 1),
(124, 27, 69, 1),
(125, 5, 124, 1),
(126, 16, 124, 1),
(127, 21, 124, 1),
(128, 19, 125, 1),
(129, 5, 69, 1),
(130, 7, 0, 1),
(131, 7, 130, 1),
(133, 27, 131, 1),
(134, 4, 133, 1),
(135, 1, 0, 3),
(136, 16, 135, 3),
(137, 16, 135, 3);

-- --------------------------------------------------------

--
-- Table structure for table `manipulation__elements_attributes`
--

CREATE TABLE IF NOT EXISTS `manipulation__elements_attributes` (
  `id` int(11) NOT NULL AUTO_INCREMENT,
  `element_id` int(11) NOT NULL,
  `design_attribute_id` int(11) NOT NULL,
  `attribute_value` varchar(255) NOT NULL,
  PRIMARY KEY (`id`),
  UNIQUE KEY `element_id` (`element_id`,`design_attribute_id`)
) ENGINE=InnoDB  DEFAULT CHARSET=utf8 AUTO_INCREMENT=396 ;

--
-- Dumping data for table `manipulation__elements_attributes`
--

INSERT INTO `manipulation__elements_attributes` (`id`, `element_id`, `design_attribute_id`, `attribute_value`) VALUES
(56, 22, 1, 'Main header'),
(57, 22, 4, ''),
(58, 23, 1, 'Header Logo'),
(59, 23, 4, ''),
(60, 24, 1, 'Logo'),
(61, 24, 3, 'http://static.wixstatic.com/media/de5204_b201013daf3c42f1b5bf74164aae9724.png_srz_p_115_27_75_22_0.50_1.20_0.00_png_srz'),
(62, 24, 4, ''),
(63, 25, 1, 'Disclaimer Greetings'),
(64, 25, 4, ''),
(65, 26, 1, 'Title1'),
(66, 26, 4, ''),
(67, 26, 5, 'The Free Wix HTML 5 Editor'),
(68, 27, 1, 'Subtitle'),
(69, 27, 5, 'Wix has 100s of designer-made templates to make you look stunning online. '),
(70, 27, 4, ''),
(71, 28, 1, 'simple design line'),
(72, 28, 4, ''),
(73, 29, 1, 'simple design text'),
(74, 29, 4, ''),
(75, 29, 5, 'Pick Your Template Category'),
(76, 30, 1, 'Offer block'),
(77, 30, 4, ''),
(80, 32, 1, 'Offer element'),
(81, 32, 4, ''),
(82, 33, 1, 'title'),
(83, 33, 4, ''),
(84, 33, 5, 'Business & Services'),
(100, 38, 1, ''),
(101, 38, 4, ''),
(102, 38, 5, 'See More »'),
(103, 38, 6, ''),
(104, 38, 7, ''),
(105, 39, 1, 'Offer image'),
(106, 39, 3, 'http://static.wixstatic.com/media/de5204_b86929a5fcd549f58df600f29613726f.png_srz_p_293_233_75_22_0.50_1.20_0.00_png_srz'),
(107, 39, 4, ''),
(108, 40, 1, 'Offer element'),
(109, 40, 4, ''),
(110, 41, 1, 'title'),
(111, 41, 4, ''),
(112, 41, 5, 'Restaurant & Hospitality'),
(113, 42, 1, ''),
(114, 42, 4, ''),
(115, 42, 5, 'See More »'),
(116, 42, 6, ''),
(117, 42, 7, ''),
(118, 43, 1, 'Offer image'),
(119, 43, 3, 'http://static.wixstatic.com/media/de5204_feca0e386a7e4af8b8839e08c4f6fb25.png_srz_p_293_233_75_22_0.50_1.20_0.00_png_srz'),
(120, 43, 4, ''),
(121, 44, 1, 'Offer element'),
(122, 44, 4, ''),
(123, 45, 1, 'title'),
(124, 45, 4, ''),
(125, 45, 5, 'Music & Entertainment'),
(126, 46, 1, ''),
(127, 46, 4, ''),
(128, 46, 5, 'See More »'),
(129, 46, 6, ''),
(130, 46, 7, ''),
(131, 47, 1, 'Offer image'),
(132, 47, 3, 'http://static.wixstatic.com/media/de5204_09d578fbfbe14c4b87c04bdf29b15997.png_srz_p_293_233_75_22_0.50_1.20_0.00_png_srz'),
(133, 47, 4, ''),
(134, 48, 1, 'Offer element'),
(135, 48, 4, ''),
(136, 49, 1, 'title'),
(137, 49, 4, ''),
(138, 49, 5, 'Photography'),
(139, 50, 1, ''),
(140, 50, 4, ''),
(141, 50, 5, 'See More »'),
(142, 50, 6, ''),
(143, 50, 7, ''),
(144, 51, 1, 'Offer image'),
(145, 51, 3, 'http://static.wixstatic.com/media/de5204_1788cc62ce9441a89b36b14193b6dd8b.png_srz_p_293_233_75_22_0.50_1.20_0.00_png_srz'),
(146, 51, 4, ''),
(147, 52, 1, 'Offer element'),
(148, 52, 4, ''),
(149, 53, 1, 'title'),
(150, 53, 4, ''),
(151, 53, 5, 'Creative Arts'),
(152, 54, 1, ''),
(153, 54, 4, ''),
(154, 54, 5, 'See More »'),
(155, 54, 6, ''),
(156, 54, 7, ''),
(157, 55, 1, 'Offer image'),
(158, 55, 3, 'http://static.wixstatic.com/media/de5204_337aa9cf4e894b319ac077ed1d286197.png_srz_p_293_233_75_22_0.50_1.20_0.00_png_srz'),
(159, 55, 4, ''),
(160, 56, 1, 'Offer element'),
(161, 56, 4, ''),
(162, 57, 1, 'title'),
(163, 57, 4, ''),
(164, 57, 5, 'Online Shop'),
(165, 58, 1, ''),
(166, 58, 4, ''),
(167, 58, 5, 'See More »'),
(168, 58, 6, ''),
(169, 58, 7, ''),
(170, 59, 1, 'Offer image'),
(171, 59, 3, 'http://static.wixstatic.com/media/de5204_9d2597b3e9b0411896599926d9ad9491.png_srz_p_293_233_75_22_0.50_1.20_0.00_png_srz'),
(172, 59, 4, ''),
(173, 60, 1, 'See More Container'),
(174, 60, 4, ''),
(175, 61, 1, ''),
(176, 61, 3, 'http://static.wixstatic.com/media/de5204_eff1bbd5a76a4fabbca73ed7e3176091.png_srz_p_225_51_75_22_0.50_1.20_0.00_png_srz'),
(177, 61, 4, ''),
(181, 63, 1, 'features container'),
(182, 63, 4, ''),
(199, 69, 1, 'Offer block'),
(200, 69, 4, ''),
(287, 97, 1, 'Offers header'),
(288, 97, 4, ''),
(289, 98, 1, ''),
(290, 98, 4, ''),
(291, 98, 5, 'Enjoy These Amazing Features'),
(292, 99, 1, 'Offer element'),
(293, 99, 4, ''),
(294, 100, 1, 'Image holder'),
(295, 100, 4, ''),
(296, 101, 1, 'features image'),
(297, 101, 3, 'http://static.wixstatic.com/media/de5204_156c462c2610425ea0e8bda7f252759a.png_srz_p_125_124_75_22_0.50_1.20_0.00_png_srz'),
(298, 101, 4, ''),
(299, 102, 1, ''),
(300, 102, 5, 'Customize Anything You Want'),
(301, 102, 4, ''),
(302, 103, 1, ''),
(303, 103, 4, ''),
(304, 103, 5, 'Your own text, pics, videos, layout, \nbackground & more.'),
(305, 104, 1, 'Offer element'),
(306, 104, 4, ''),
(307, 105, 1, 'Image holder'),
(308, 105, 4, ''),
(309, 106, 1, ''),
(310, 106, 4, ''),
(311, 106, 5, 'Get Online Instantly'),
(312, 107, 1, ''),
(313, 107, 4, ''),
(314, 107, 5, 'Just click Publish to let the\nworld see your website.'),
(315, 108, 1, 'features image'),
(316, 108, 3, 'http://static.wixstatic.com/media/de5204_051d231bda50415c938e49a852d1d480.png_srz_p_125_124_75_22_0.50_1.20_0.00_png_srz'),
(317, 108, 4, ''),
(318, 109, 1, 'Offer element'),
(319, 109, 4, ''),
(320, 110, 1, 'Image holder'),
(321, 110, 4, ''),
(322, 111, 1, ''),
(323, 111, 4, ''),
(324, 111, 5, 'Look Great on Mobile Devices'),
(325, 112, 1, ''),
(326, 112, 4, ''),
(327, 112, 5, 'Get an optimized version of your \nwebsite for smartphones.'),
(328, 113, 1, 'features image'),
(329, 113, 3, 'http://static.wixstatic.com/media/de5204_f8de746260df4a8486da45a377cd37f7.png_srz_p_125_124_75_22_0.50_1.20_0.00_png_srz'),
(330, 113, 4, ''),
(331, 114, 1, 'Offer element'),
(332, 114, 4, ''),
(333, 115, 1, 'Image holder'),
(334, 115, 4, ''),
(335, 116, 1, ''),
(336, 116, 4, ''),
(337, 116, 5, 'Make Your Site Friendly'),
(338, 117, 1, ''),
(339, 117, 4, ''),
(340, 117, 5, 'So people can find you via Google & other search engines. '),
(341, 118, 1, 'features image'),
(342, 118, 3, 'http://static.wixstatic.com/media/de5204_7d67023bf5c04068aab25836a26fc5ff.png_srz_p_125_124_75_22_0.50_1.20_0.00_png_srz'),
(343, 118, 4, ''),
(344, 119, 1, 'Offer element'),
(345, 119, 4, ''),
(346, 120, 1, 'Image holder'),
(347, 120, 4, ''),
(348, 121, 1, ''),
(349, 121, 4, ''),
(350, 121, 5, 'Top-Grade Hosting'),
(351, 122, 1, ''),
(352, 122, 4, ''),
(353, 122, 5, 'Secure & reliable hosting, included for free.'),
(354, 123, 1, 'features image'),
(355, 123, 3, 'http://static.wixstatic.com/media/de5204_9f9d94ba12904c3f9403e8cc6ba1c404.png_srz_p_125_124_75_22_0.50_1.20_0.00_png_srz'),
(356, 123, 4, ''),
(357, 124, 1, 'Offer element'),
(358, 124, 4, ''),
(359, 125, 1, 'Image holder'),
(360, 125, 4, ''),
(361, 126, 1, ''),
(362, 126, 4, ''),
(363, 126, 5, 'Look Great on Mobile Devices'),
(364, 127, 1, ''),
(365, 127, 4, ''),
(366, 127, 5, 'Get an optimized version of your \nwebsite for smartphones.'),
(367, 128, 1, 'features image'),
(368, 128, 3, 'http://static.wixstatic.com/media/de5204_0b6061c2d8b844eaaa43de2d4c4285b4.png_srz_p_125_124_75_22_0.50_1.20_0.00_png_srz'),
(369, 128, 4, ''),
(370, 129, 1, 'simple clear block'),
(371, 129, 4, ''),
(372, 130, 1, 'Main Footer'),
(373, 130, 4, ''),
(374, 131, 1, 'sub footer'),
(375, 131, 4, ''),
(381, 133, 1, 'Links container'),
(382, 133, 4, ''),
(383, 134, 1, ''),
(384, 134, 4, ''),
(385, 134, 5, 'Privacy Policy'),
(386, 134, 6, ''),
(387, 134, 7, ''),
(388, 135, 1, 'test'),
(389, 135, 4, ''),
(390, 136, 1, ''),
(391, 136, 4, ''),
(392, 136, 5, 'Text highlight'),
(393, 137, 1, ''),
(394, 137, 4, ''),
(395, 137, 5, 'Text highlight2');

-- --------------------------------------------------------

--
-- Table structure for table `manipulation__elements_styles`
--

CREATE TABLE IF NOT EXISTS `manipulation__elements_styles` (
  `id` int(11) NOT NULL AUTO_INCREMENT,
  `element_id` int(11) NOT NULL,
  `design_style_id` int(11) NOT NULL,
  `style_value` varchar(255) NOT NULL,
  PRIMARY KEY (`id`),
  UNIQUE KEY `element_id` (`element_id`,`design_style_id`)
) ENGINE=InnoDB  DEFAULT CHARSET=utf8 AUTO_INCREMENT=2610 ;

--
-- Dumping data for table `manipulation__elements_styles`
--

INSERT INTO `manipulation__elements_styles` (`id`, `element_id`, `design_style_id`, `style_value`) VALUES
(387, 22, 1, '100%'),
(388, 22, 2, '350px'),
(389, 22, 3, ''),
(390, 22, 4, ''),
(391, 22, 5, ''),
(392, 22, 6, ''),
(393, 22, 7, ''),
(394, 22, 8, ''),
(395, 22, 9, ''),
(396, 22, 10, ''),
(397, 22, 11, ''),
(398, 22, 12, ''),
(399, 22, 13, ''),
(400, 22, 14, ''),
(401, 22, 15, ''),
(402, 22, 16, ''),
(403, 22, 17, ''),
(404, 22, 18, ''),
(405, 22, 19, ''),
(406, 22, 20, ''),
(407, 22, 21, ''),
(408, 22, 22, ''),
(409, 22, 23, ''),
(410, 22, 24, ''),
(411, 22, 25, ''),
(412, 22, 26, ''),
(413, 22, 33, ''),
(414, 22, 34, ''),
(415, 22, 35, ''),
(416, 22, 36, 'http://static.wixstatic.com/media/de5204_316cf2f9bad7409984072dccb5e14812.jpg_srz_p_1827_1920_75_22_0.50_1.20_0.00_jpg_srz'),
(417, 22, 37, ''),
(418, 22, 38, ''),
(419, 22, 39, ''),
(420, 22, 40, ''),
(421, 23, 1, '980px'),
(422, 23, 2, '70px'),
(423, 23, 3, ''),
(424, 23, 4, 'auto'),
(425, 23, 5, ''),
(426, 23, 6, ''),
(427, 23, 7, ''),
(428, 23, 8, '70px'),
(429, 23, 9, ''),
(430, 23, 10, ''),
(431, 23, 11, ''),
(432, 23, 12, ''),
(433, 23, 13, ''),
(434, 23, 14, ''),
(435, 23, 15, ''),
(436, 23, 16, ''),
(437, 23, 17, ''),
(438, 23, 18, ''),
(439, 23, 19, ''),
(440, 23, 20, ''),
(441, 23, 21, ''),
(442, 23, 22, ''),
(443, 23, 23, ''),
(444, 23, 24, ''),
(445, 23, 25, ''),
(446, 23, 26, ''),
(447, 23, 33, ''),
(448, 23, 34, ''),
(449, 23, 35, ''),
(450, 23, 36, ''),
(451, 23, 37, ''),
(452, 23, 38, ''),
(453, 23, 39, ''),
(454, 23, 40, ''),
(455, 24, 1, '127px'),
(456, 24, 2, '27px'),
(457, 24, 3, ''),
(458, 24, 4, ''),
(459, 24, 5, ''),
(460, 24, 6, ''),
(461, 24, 7, ''),
(462, 24, 8, ''),
(463, 24, 15, ''),
(464, 24, 16, '16px'),
(465, 24, 17, ''),
(466, 24, 18, ''),
(467, 24, 19, ''),
(468, 24, 20, ''),
(469, 24, 21, ''),
(470, 24, 22, ''),
(471, 24, 33, ''),
(472, 25, 1, '980px'),
(473, 25, 2, '150px'),
(474, 25, 3, ''),
(475, 25, 4, 'auto'),
(476, 25, 5, ''),
(477, 25, 6, ''),
(478, 25, 7, ''),
(479, 25, 8, ''),
(480, 25, 9, ''),
(481, 25, 10, ''),
(482, 25, 11, ''),
(483, 25, 12, ''),
(484, 25, 13, ''),
(485, 25, 14, ''),
(486, 25, 15, ''),
(487, 25, 16, ''),
(488, 25, 17, ''),
(489, 25, 18, ''),
(490, 25, 19, ''),
(491, 25, 20, ''),
(492, 25, 21, ''),
(493, 25, 22, ''),
(494, 25, 23, ''),
(495, 25, 24, ''),
(496, 25, 25, ''),
(497, 25, 26, ''),
(498, 25, 33, ''),
(499, 25, 34, ''),
(500, 25, 35, ''),
(501, 25, 36, ''),
(502, 25, 37, ''),
(503, 25, 38, ''),
(504, 25, 39, ''),
(505, 25, 40, ''),
(506, 26, 6, ''),
(507, 26, 9, ''),
(508, 26, 8, ''),
(509, 26, 27, '65px'),
(510, 26, 28, 'Comic Sans'),
(511, 26, 29, 'gray'),
(512, 26, 30, ''),
(513, 26, 31, 'center'),
(514, 26, 32, ''),
(515, 27, 6, ''),
(516, 27, 8, ''),
(517, 27, 9, ''),
(518, 27, 27, ''),
(519, 27, 28, 'Comic Sans'),
(520, 27, 29, 'gray'),
(521, 27, 30, ''),
(522, 27, 31, 'center'),
(523, 27, 32, ''),
(524, 28, 1, '100%'),
(525, 28, 2, '90px'),
(526, 28, 4, ''),
(527, 28, 3, ''),
(528, 28, 5, ''),
(529, 28, 6, ''),
(530, 28, 7, ''),
(531, 28, 8, ''),
(532, 28, 9, ''),
(533, 28, 10, ''),
(534, 28, 11, ''),
(535, 28, 12, ''),
(536, 28, 13, ''),
(537, 28, 14, ''),
(538, 28, 15, ''),
(539, 28, 16, ''),
(540, 28, 17, ''),
(541, 28, 18, ''),
(542, 28, 19, ''),
(543, 28, 20, ''),
(544, 28, 21, ''),
(545, 28, 22, ''),
(546, 28, 23, ''),
(547, 28, 24, ''),
(548, 28, 25, ''),
(549, 28, 26, ''),
(550, 28, 33, ''),
(551, 28, 34, ''),
(552, 28, 35, 'rgb(18, 153, 170)'),
(553, 28, 36, ''),
(554, 28, 37, ''),
(555, 28, 38, ''),
(556, 28, 39, ''),
(557, 28, 40, ''),
(558, 29, 8, ''),
(559, 29, 6, ''),
(560, 29, 9, ''),
(561, 29, 27, '36px'),
(562, 29, 28, 'serif'),
(563, 29, 29, 'white'),
(564, 29, 30, '90px'),
(565, 29, 31, 'center'),
(566, 29, 32, ''),
(567, 30, 1, '980px'),
(568, 30, 4, 'auto'),
(569, 30, 3, ''),
(570, 30, 2, ''),
(571, 30, 5, ''),
(572, 30, 6, ''),
(573, 30, 7, ''),
(574, 30, 8, ''),
(575, 30, 9, ''),
(576, 30, 10, ''),
(577, 30, 11, ''),
(578, 30, 12, ''),
(579, 30, 13, ''),
(580, 30, 14, ''),
(581, 30, 15, ''),
(582, 30, 16, ''),
(583, 30, 17, ''),
(584, 30, 18, ''),
(585, 30, 19, ''),
(586, 30, 20, ''),
(587, 30, 21, ''),
(588, 30, 22, ''),
(589, 30, 23, ''),
(590, 30, 24, ''),
(591, 30, 25, ''),
(592, 30, 26, ''),
(593, 30, 33, ''),
(594, 30, 34, ''),
(595, 30, 35, ''),
(596, 30, 36, ''),
(597, 30, 37, ''),
(598, 30, 38, ''),
(599, 30, 39, ''),
(600, 30, 40, ''),
(635, 32, 1, '300px'),
(636, 32, 2, '300px'),
(637, 32, 3, ''),
(638, 32, 4, '10px'),
(639, 32, 5, ''),
(640, 32, 6, ''),
(641, 32, 7, ''),
(642, 32, 8, ''),
(643, 32, 9, ''),
(644, 32, 10, ''),
(645, 32, 11, ''),
(646, 32, 12, ''),
(647, 32, 13, ''),
(648, 32, 14, ''),
(649, 32, 15, ''),
(650, 32, 16, ''),
(651, 32, 17, ''),
(652, 32, 18, ''),
(653, 32, 19, ''),
(654, 32, 20, ''),
(655, 32, 21, ''),
(656, 32, 22, ''),
(657, 32, 23, ''),
(658, 32, 24, ''),
(659, 32, 25, ''),
(660, 32, 26, ''),
(661, 32, 33, ''),
(662, 32, 34, ''),
(663, 32, 35, ''),
(664, 32, 36, ''),
(665, 32, 37, ''),
(666, 32, 38, ''),
(667, 32, 39, ''),
(668, 32, 40, ''),
(669, 33, 6, ''),
(670, 33, 8, ''),
(671, 33, 9, '20px'),
(672, 33, 27, '19px'),
(673, 33, 28, 'serif'),
(674, 33, 29, 'rgb(52, 51, 51)'),
(675, 33, 30, ''),
(676, 33, 31, 'center'),
(677, 33, 32, ''),
(741, 38, 27, ''),
(742, 38, 28, ''),
(743, 38, 29, ''),
(744, 38, 30, ''),
(745, 38, 31, 'center'),
(746, 38, 32, ''),
(747, 39, 1, ''),
(748, 39, 2, ''),
(749, 39, 3, ''),
(750, 39, 4, ''),
(751, 39, 5, ''),
(752, 39, 6, ''),
(753, 39, 7, ''),
(754, 39, 8, ''),
(755, 39, 15, ''),
(756, 39, 16, ''),
(757, 39, 17, ''),
(758, 39, 18, ''),
(759, 39, 19, ''),
(760, 39, 20, ''),
(761, 39, 21, ''),
(762, 39, 22, ''),
(763, 39, 33, ''),
(764, 40, 1, '300px'),
(765, 40, 2, '300px'),
(766, 40, 3, ''),
(767, 40, 4, '10px'),
(768, 40, 5, ''),
(769, 40, 6, ''),
(770, 40, 7, ''),
(771, 40, 8, ''),
(772, 40, 9, ''),
(773, 40, 10, ''),
(774, 40, 11, ''),
(775, 40, 12, ''),
(776, 40, 13, ''),
(777, 40, 14, ''),
(778, 40, 15, ''),
(779, 40, 16, ''),
(780, 40, 17, ''),
(781, 40, 18, ''),
(782, 40, 19, ''),
(783, 40, 20, ''),
(784, 40, 21, ''),
(785, 40, 22, ''),
(786, 40, 23, ''),
(787, 40, 24, ''),
(788, 40, 25, ''),
(789, 40, 26, ''),
(790, 40, 33, ''),
(791, 40, 34, ''),
(792, 40, 35, ''),
(793, 40, 36, ''),
(794, 40, 37, ''),
(795, 40, 38, ''),
(796, 40, 39, ''),
(797, 40, 40, ''),
(798, 41, 6, ''),
(799, 41, 8, ''),
(800, 41, 9, '20px'),
(801, 41, 27, '19px'),
(802, 41, 28, 'serif'),
(803, 41, 29, 'rgb(52, 51, 51)'),
(804, 41, 30, ''),
(805, 41, 31, 'center'),
(806, 41, 32, ''),
(807, 42, 27, ''),
(808, 42, 28, ''),
(809, 42, 29, ''),
(810, 42, 30, ''),
(811, 42, 31, 'center'),
(812, 42, 32, ''),
(813, 43, 1, ''),
(814, 43, 2, ''),
(815, 43, 3, ''),
(816, 43, 4, ''),
(817, 43, 5, ''),
(818, 43, 6, ''),
(819, 43, 7, ''),
(820, 43, 8, ''),
(821, 43, 15, ''),
(822, 43, 16, ''),
(823, 43, 17, ''),
(824, 43, 18, ''),
(825, 43, 19, ''),
(826, 43, 20, ''),
(827, 43, 21, ''),
(828, 43, 22, ''),
(829, 43, 33, ''),
(830, 44, 1, '300px'),
(831, 44, 2, '300px'),
(832, 44, 3, ''),
(833, 44, 4, '10px'),
(834, 44, 5, ''),
(835, 44, 6, ''),
(836, 44, 7, ''),
(837, 44, 8, ''),
(838, 44, 9, ''),
(839, 44, 10, ''),
(840, 44, 11, ''),
(841, 44, 12, ''),
(842, 44, 13, ''),
(843, 44, 14, ''),
(844, 44, 15, ''),
(845, 44, 16, ''),
(846, 44, 17, ''),
(847, 44, 18, ''),
(848, 44, 19, ''),
(849, 44, 20, ''),
(850, 44, 21, ''),
(851, 44, 22, ''),
(852, 44, 23, ''),
(853, 44, 24, ''),
(854, 44, 25, ''),
(855, 44, 26, ''),
(856, 44, 33, ''),
(857, 44, 34, ''),
(858, 44, 35, ''),
(859, 44, 36, ''),
(860, 44, 37, ''),
(861, 44, 38, ''),
(862, 44, 39, ''),
(863, 44, 40, ''),
(864, 45, 6, ''),
(865, 45, 8, ''),
(866, 45, 9, '20px'),
(867, 45, 27, '19px'),
(868, 45, 28, 'serif'),
(869, 45, 29, 'rgb(52, 51, 51)'),
(870, 45, 30, ''),
(871, 45, 31, 'center'),
(872, 45, 32, ''),
(873, 46, 27, ''),
(874, 46, 28, ''),
(875, 46, 29, ''),
(876, 46, 30, ''),
(877, 46, 31, 'center'),
(878, 46, 32, ''),
(879, 47, 1, ''),
(880, 47, 2, ''),
(881, 47, 3, ''),
(882, 47, 4, ''),
(883, 47, 5, ''),
(884, 47, 6, ''),
(885, 47, 7, ''),
(886, 47, 8, ''),
(887, 47, 15, ''),
(888, 47, 16, ''),
(889, 47, 17, ''),
(890, 47, 18, ''),
(891, 47, 19, ''),
(892, 47, 20, ''),
(893, 47, 21, ''),
(894, 47, 22, ''),
(895, 47, 33, ''),
(896, 48, 1, '300px'),
(897, 48, 2, '300px'),
(898, 48, 3, ''),
(899, 48, 4, '10px'),
(900, 48, 5, ''),
(901, 48, 6, ''),
(902, 48, 7, ''),
(903, 48, 8, ''),
(904, 48, 9, ''),
(905, 48, 10, ''),
(906, 48, 11, ''),
(907, 48, 12, ''),
(908, 48, 13, ''),
(909, 48, 14, ''),
(910, 48, 15, ''),
(911, 48, 16, ''),
(912, 48, 17, ''),
(913, 48, 18, ''),
(914, 48, 19, ''),
(915, 48, 20, ''),
(916, 48, 21, ''),
(917, 48, 22, ''),
(918, 48, 23, ''),
(919, 48, 24, ''),
(920, 48, 25, ''),
(921, 48, 26, ''),
(922, 48, 33, ''),
(923, 48, 34, ''),
(924, 48, 35, ''),
(925, 48, 36, ''),
(926, 48, 37, ''),
(927, 48, 38, ''),
(928, 48, 39, ''),
(929, 48, 40, ''),
(930, 49, 6, ''),
(931, 49, 8, ''),
(932, 49, 9, '20px'),
(933, 49, 27, '19px'),
(934, 49, 28, 'serif'),
(935, 49, 29, 'rgb(52, 51, 51)'),
(936, 49, 30, ''),
(937, 49, 31, 'center'),
(938, 49, 32, ''),
(939, 50, 27, ''),
(940, 50, 28, ''),
(941, 50, 29, ''),
(942, 50, 30, ''),
(943, 50, 31, 'center'),
(944, 50, 32, ''),
(945, 51, 1, ''),
(946, 51, 2, ''),
(947, 51, 3, ''),
(948, 51, 4, ''),
(949, 51, 5, ''),
(950, 51, 6, ''),
(951, 51, 7, ''),
(952, 51, 8, ''),
(953, 51, 15, ''),
(954, 51, 16, ''),
(955, 51, 17, ''),
(956, 51, 18, ''),
(957, 51, 19, ''),
(958, 51, 20, ''),
(959, 51, 21, ''),
(960, 51, 22, ''),
(961, 51, 33, ''),
(962, 52, 1, '300px'),
(963, 52, 2, '300px'),
(964, 52, 3, ''),
(965, 52, 4, '10px'),
(966, 52, 5, ''),
(967, 52, 6, ''),
(968, 52, 7, ''),
(969, 52, 8, ''),
(970, 52, 9, ''),
(971, 52, 10, ''),
(972, 52, 11, ''),
(973, 52, 12, ''),
(974, 52, 13, ''),
(975, 52, 14, ''),
(976, 52, 15, ''),
(977, 52, 16, ''),
(978, 52, 17, ''),
(979, 52, 18, ''),
(980, 52, 19, ''),
(981, 52, 20, ''),
(982, 52, 21, ''),
(983, 52, 22, ''),
(984, 52, 23, ''),
(985, 52, 24, ''),
(986, 52, 25, ''),
(987, 52, 26, ''),
(988, 52, 33, ''),
(989, 52, 34, ''),
(990, 52, 35, ''),
(991, 52, 36, ''),
(992, 52, 37, ''),
(993, 52, 38, ''),
(994, 52, 39, ''),
(995, 52, 40, ''),
(996, 53, 6, ''),
(997, 53, 8, ''),
(998, 53, 9, '20px'),
(999, 53, 27, '19px'),
(1000, 53, 28, 'serif'),
(1001, 53, 29, 'rgb(52, 51, 51)'),
(1002, 53, 30, ''),
(1003, 53, 31, 'center'),
(1004, 53, 32, ''),
(1005, 54, 27, ''),
(1006, 54, 28, ''),
(1007, 54, 29, ''),
(1008, 54, 30, ''),
(1009, 54, 31, 'center'),
(1010, 54, 32, ''),
(1011, 55, 1, ''),
(1012, 55, 2, ''),
(1013, 55, 3, ''),
(1014, 55, 4, ''),
(1015, 55, 5, ''),
(1016, 55, 6, ''),
(1017, 55, 7, ''),
(1018, 55, 8, ''),
(1019, 55, 15, ''),
(1020, 55, 16, ''),
(1021, 55, 17, ''),
(1022, 55, 18, ''),
(1023, 55, 19, ''),
(1024, 55, 20, ''),
(1025, 55, 21, ''),
(1026, 55, 22, ''),
(1027, 55, 33, ''),
(1028, 56, 1, '300px'),
(1029, 56, 2, '300px'),
(1030, 56, 3, ''),
(1031, 56, 4, '10px'),
(1032, 56, 5, ''),
(1033, 56, 6, ''),
(1034, 56, 7, ''),
(1035, 56, 8, ''),
(1036, 56, 9, ''),
(1037, 56, 10, ''),
(1038, 56, 11, ''),
(1039, 56, 12, ''),
(1040, 56, 13, ''),
(1041, 56, 14, ''),
(1042, 56, 15, ''),
(1043, 56, 16, ''),
(1044, 56, 17, ''),
(1045, 56, 18, ''),
(1046, 56, 19, ''),
(1047, 56, 20, ''),
(1048, 56, 21, ''),
(1049, 56, 22, ''),
(1050, 56, 23, ''),
(1051, 56, 24, ''),
(1052, 56, 25, ''),
(1053, 56, 26, ''),
(1054, 56, 33, ''),
(1055, 56, 34, ''),
(1056, 56, 35, ''),
(1057, 56, 36, ''),
(1058, 56, 37, ''),
(1059, 56, 38, ''),
(1060, 56, 39, ''),
(1061, 56, 40, ''),
(1062, 57, 6, ''),
(1063, 57, 8, ''),
(1064, 57, 9, '20px'),
(1065, 57, 27, '19px'),
(1066, 57, 28, 'serif'),
(1067, 57, 29, 'rgb(52, 51, 51)'),
(1068, 57, 30, ''),
(1069, 57, 31, 'center'),
(1070, 57, 32, ''),
(1071, 58, 27, ''),
(1072, 58, 28, ''),
(1073, 58, 29, ''),
(1074, 58, 30, ''),
(1075, 58, 31, 'center'),
(1076, 58, 32, ''),
(1077, 59, 1, ''),
(1078, 59, 2, ''),
(1079, 59, 3, ''),
(1080, 59, 4, ''),
(1081, 59, 5, ''),
(1082, 59, 6, ''),
(1083, 59, 7, ''),
(1084, 59, 8, ''),
(1085, 59, 15, ''),
(1086, 59, 16, ''),
(1087, 59, 17, ''),
(1088, 59, 18, ''),
(1089, 59, 19, ''),
(1090, 59, 20, ''),
(1091, 59, 21, ''),
(1092, 59, 22, ''),
(1093, 59, 33, ''),
(1094, 60, 2, ''),
(1095, 60, 1, '210px'),
(1096, 60, 3, ''),
(1097, 60, 4, 'auto'),
(1098, 60, 5, ''),
(1099, 60, 6, ''),
(1100, 60, 7, ''),
(1101, 60, 8, ''),
(1102, 60, 9, '20px'),
(1103, 60, 10, ''),
(1104, 60, 11, '30px'),
(1105, 60, 12, ''),
(1106, 60, 13, ''),
(1107, 60, 14, ''),
(1108, 60, 15, ''),
(1109, 60, 16, ''),
(1110, 60, 17, ''),
(1111, 60, 18, ''),
(1112, 60, 19, ''),
(1113, 60, 20, ''),
(1114, 60, 21, ''),
(1115, 60, 22, ''),
(1116, 60, 23, ''),
(1117, 60, 24, ''),
(1118, 60, 25, ''),
(1119, 60, 26, ''),
(1120, 60, 33, ''),
(1121, 60, 34, ''),
(1122, 60, 35, ''),
(1123, 60, 36, ''),
(1124, 60, 37, ''),
(1125, 60, 38, ''),
(1126, 60, 39, ''),
(1127, 60, 40, ''),
(1128, 61, 1, ''),
(1129, 61, 2, ''),
(1130, 61, 3, ''),
(1131, 61, 4, 'auto'),
(1132, 61, 5, ''),
(1133, 61, 6, ''),
(1134, 61, 7, ''),
(1135, 61, 8, ''),
(1136, 61, 15, ''),
(1137, 61, 16, ''),
(1138, 61, 17, ''),
(1139, 61, 18, ''),
(1140, 61, 19, ''),
(1141, 61, 20, ''),
(1142, 61, 21, ''),
(1143, 61, 22, ''),
(1144, 61, 33, ''),
(1154, 63, 1, '100%'),
(1155, 63, 2, ''),
(1156, 63, 3, ''),
(1157, 63, 4, ''),
(1158, 63, 5, ''),
(1159, 63, 6, '20px'),
(1160, 63, 7, ''),
(1161, 63, 8, ''),
(1162, 63, 9, ''),
(1163, 63, 10, ''),
(1164, 63, 11, '20px'),
(1165, 63, 12, ''),
(1166, 63, 13, '20px'),
(1167, 63, 14, ''),
(1168, 63, 15, ''),
(1169, 63, 16, ''),
(1170, 63, 17, ''),
(1171, 63, 18, ''),
(1172, 63, 19, ''),
(1173, 63, 20, ''),
(1174, 63, 21, ''),
(1175, 63, 22, ''),
(1176, 63, 23, ''),
(1177, 63, 24, ''),
(1178, 63, 25, ''),
(1179, 63, 26, ''),
(1180, 63, 33, ''),
(1181, 63, 34, ''),
(1182, 63, 35, 'rgb(18, 153, 170)'),
(1183, 63, 36, ''),
(1184, 63, 37, ''),
(1185, 63, 38, ''),
(1186, 63, 39, ''),
(1187, 63, 40, ''),
(1263, 69, 1, '980px'),
(1264, 69, 2, '600px'),
(1265, 69, 3, ''),
(1266, 69, 4, 'auto'),
(1267, 69, 5, ''),
(1268, 69, 6, ''),
(1269, 69, 7, ''),
(1270, 69, 8, ''),
(1271, 69, 9, ''),
(1272, 69, 10, ''),
(1273, 69, 11, ''),
(1274, 69, 12, ''),
(1275, 69, 13, ''),
(1276, 69, 14, ''),
(1277, 69, 15, ''),
(1278, 69, 16, ''),
(1279, 69, 17, ''),
(1280, 69, 18, ''),
(1281, 69, 19, ''),
(1282, 69, 20, ''),
(1283, 69, 21, ''),
(1284, 69, 22, ''),
(1285, 69, 23, ''),
(1286, 69, 24, ''),
(1287, 69, 25, ''),
(1288, 69, 26, ''),
(1289, 69, 33, ''),
(1290, 69, 34, ''),
(1291, 69, 35, ''),
(1292, 69, 36, ''),
(1293, 69, 37, ''),
(1294, 69, 38, ''),
(1295, 69, 39, ''),
(1296, 69, 40, ''),
(1761, 97, 1, ''),
(1762, 97, 3, ''),
(1763, 97, 4, ''),
(1764, 97, 2, ''),
(1765, 97, 5, ''),
(1766, 97, 6, ''),
(1767, 97, 7, ''),
(1768, 97, 8, ''),
(1769, 97, 9, '20px'),
(1770, 97, 10, ''),
(1771, 97, 11, ''),
(1772, 97, 12, ''),
(1773, 97, 13, ''),
(1774, 97, 14, ''),
(1775, 97, 15, ''),
(1776, 97, 16, ''),
(1777, 97, 17, ''),
(1778, 97, 18, ''),
(1779, 97, 19, ''),
(1780, 97, 20, ''),
(1781, 97, 21, ''),
(1782, 97, 22, ''),
(1783, 97, 23, ''),
(1784, 97, 24, ''),
(1785, 97, 25, ''),
(1786, 97, 26, ''),
(1787, 97, 33, ''),
(1788, 97, 34, ''),
(1789, 97, 35, ''),
(1790, 97, 36, ''),
(1791, 97, 37, ''),
(1792, 97, 38, ''),
(1793, 97, 39, ''),
(1794, 97, 40, ''),
(1795, 98, 6, ''),
(1796, 98, 8, ''),
(1797, 98, 9, ''),
(1798, 98, 27, '36px'),
(1799, 98, 28, 'serif'),
(1800, 98, 29, 'white'),
(1801, 98, 30, ''),
(1802, 98, 31, 'center'),
(1803, 98, 32, ''),
(1804, 99, 1, '310px'),
(1805, 99, 2, '250px'),
(1806, 99, 3, ''),
(1807, 99, 4, '5px'),
(1808, 99, 5, ''),
(1809, 99, 6, ''),
(1810, 99, 7, ''),
(1811, 99, 8, ''),
(1812, 99, 9, ''),
(1813, 99, 10, ''),
(1814, 99, 11, ''),
(1815, 99, 12, ''),
(1816, 99, 13, ''),
(1817, 99, 14, ''),
(1818, 99, 15, ''),
(1819, 99, 16, ''),
(1820, 99, 17, ''),
(1821, 99, 18, ''),
(1822, 99, 19, 'left'),
(1823, 99, 20, ''),
(1824, 99, 21, ''),
(1825, 99, 22, ''),
(1826, 99, 23, ''),
(1827, 99, 24, ''),
(1828, 99, 25, ''),
(1829, 99, 26, ''),
(1830, 99, 33, ''),
(1831, 99, 34, ''),
(1832, 99, 35, ''),
(1833, 99, 36, ''),
(1834, 99, 37, ''),
(1835, 99, 38, ''),
(1836, 99, 39, ''),
(1837, 99, 40, ''),
(1838, 100, 1, '130px'),
(1839, 100, 2, ''),
(1840, 100, 3, ''),
(1841, 100, 4, 'auto'),
(1842, 100, 5, ''),
(1843, 100, 6, ''),
(1844, 100, 7, ''),
(1845, 100, 8, '20px'),
(1846, 100, 9, ''),
(1847, 100, 10, ''),
(1848, 100, 11, ''),
(1849, 100, 12, ''),
(1850, 100, 13, ''),
(1851, 100, 14, ''),
(1852, 100, 15, ''),
(1853, 100, 16, ''),
(1854, 100, 17, ''),
(1855, 100, 18, ''),
(1856, 100, 19, ''),
(1857, 100, 20, ''),
(1858, 100, 21, ''),
(1859, 100, 22, ''),
(1860, 100, 23, ''),
(1861, 100, 24, ''),
(1862, 100, 25, ''),
(1863, 100, 26, ''),
(1864, 100, 33, ''),
(1865, 100, 34, ''),
(1866, 100, 35, ''),
(1867, 100, 36, ''),
(1868, 100, 37, ''),
(1869, 100, 38, ''),
(1870, 100, 39, ''),
(1871, 100, 40, ''),
(1872, 101, 1, ''),
(1873, 101, 2, ''),
(1874, 101, 3, ''),
(1875, 101, 4, ''),
(1876, 101, 5, ''),
(1877, 101, 6, ''),
(1878, 101, 7, ''),
(1879, 101, 8, ''),
(1880, 101, 15, ''),
(1881, 101, 16, ''),
(1882, 101, 17, ''),
(1883, 101, 18, ''),
(1884, 101, 19, ''),
(1885, 101, 20, ''),
(1886, 101, 21, ''),
(1887, 101, 22, ''),
(1888, 101, 33, ''),
(1889, 102, 9, ''),
(1890, 102, 6, ''),
(1891, 102, 8, ''),
(1892, 102, 27, '24px'),
(1893, 102, 28, 'serif'),
(1894, 102, 29, 'white'),
(1895, 102, 30, ''),
(1896, 102, 31, 'center'),
(1897, 102, 32, ''),
(1898, 103, 27, '16px'),
(1899, 103, 9, '15px'),
(1900, 103, 28, 'serif'),
(1901, 103, 29, 'white'),
(1902, 103, 30, ''),
(1903, 103, 31, 'center'),
(1904, 103, 32, ''),
(1905, 104, 1, '310px'),
(1906, 104, 2, '250px'),
(1907, 104, 3, ''),
(1908, 104, 4, '5px'),
(1909, 104, 5, ''),
(1910, 104, 6, ''),
(1911, 104, 7, ''),
(1912, 104, 8, ''),
(1913, 104, 9, ''),
(1914, 104, 10, ''),
(1915, 104, 11, ''),
(1916, 104, 12, ''),
(1917, 104, 13, ''),
(1918, 104, 14, ''),
(1919, 104, 15, ''),
(1920, 104, 16, ''),
(1921, 104, 17, ''),
(1922, 104, 18, ''),
(1923, 104, 19, 'left'),
(1924, 104, 20, ''),
(1925, 104, 21, ''),
(1926, 104, 22, ''),
(1927, 104, 23, ''),
(1928, 104, 24, ''),
(1929, 104, 25, ''),
(1930, 104, 26, ''),
(1931, 104, 33, ''),
(1932, 104, 34, ''),
(1933, 104, 35, ''),
(1934, 104, 36, ''),
(1935, 104, 37, ''),
(1936, 104, 38, ''),
(1937, 104, 39, ''),
(1938, 104, 40, ''),
(1939, 105, 1, '130px'),
(1940, 105, 2, ''),
(1941, 105, 3, ''),
(1942, 105, 4, 'auto'),
(1943, 105, 5, ''),
(1944, 105, 6, ''),
(1945, 105, 7, ''),
(1946, 105, 8, '20px'),
(1947, 105, 9, ''),
(1948, 105, 10, ''),
(1949, 105, 11, ''),
(1950, 105, 12, ''),
(1951, 105, 13, ''),
(1952, 105, 14, ''),
(1953, 105, 15, ''),
(1954, 105, 16, ''),
(1955, 105, 17, ''),
(1956, 105, 18, ''),
(1957, 105, 19, ''),
(1958, 105, 20, ''),
(1959, 105, 21, ''),
(1960, 105, 22, ''),
(1961, 105, 23, ''),
(1962, 105, 24, ''),
(1963, 105, 25, ''),
(1964, 105, 26, ''),
(1965, 105, 33, ''),
(1966, 105, 34, ''),
(1967, 105, 35, ''),
(1968, 105, 36, ''),
(1969, 105, 37, ''),
(1970, 105, 38, ''),
(1971, 105, 39, ''),
(1972, 105, 40, ''),
(1973, 106, 6, ''),
(1974, 106, 8, ''),
(1975, 106, 9, ''),
(1976, 106, 27, '24px'),
(1977, 106, 28, 'serif'),
(1978, 106, 29, 'white'),
(1979, 106, 30, ''),
(1980, 106, 31, 'center'),
(1981, 106, 32, ''),
(1982, 107, 9, '15px'),
(1983, 107, 27, '16px'),
(1984, 107, 28, 'serif'),
(1985, 107, 29, 'white'),
(1986, 107, 30, ''),
(1987, 107, 31, 'center'),
(1988, 107, 32, ''),
(1989, 108, 1, ''),
(1990, 108, 2, ''),
(1991, 108, 3, ''),
(1992, 108, 4, ''),
(1993, 108, 5, ''),
(1994, 108, 6, ''),
(1995, 108, 7, ''),
(1996, 108, 8, ''),
(1997, 108, 15, ''),
(1998, 108, 16, ''),
(1999, 108, 17, ''),
(2000, 108, 18, ''),
(2001, 108, 19, ''),
(2002, 108, 20, ''),
(2003, 108, 21, ''),
(2004, 108, 22, ''),
(2005, 108, 33, ''),
(2006, 109, 1, '310px'),
(2007, 109, 2, '250px'),
(2008, 109, 3, ''),
(2009, 109, 4, '5px'),
(2010, 109, 5, ''),
(2011, 109, 6, ''),
(2012, 109, 7, ''),
(2013, 109, 8, ''),
(2014, 109, 9, ''),
(2015, 109, 10, ''),
(2016, 109, 11, ''),
(2017, 109, 12, ''),
(2018, 109, 13, ''),
(2019, 109, 14, ''),
(2020, 109, 15, ''),
(2021, 109, 16, ''),
(2022, 109, 17, ''),
(2023, 109, 18, ''),
(2024, 109, 19, 'left'),
(2025, 109, 20, ''),
(2026, 109, 21, ''),
(2027, 109, 22, ''),
(2028, 109, 23, ''),
(2029, 109, 24, ''),
(2030, 109, 25, ''),
(2031, 109, 26, ''),
(2032, 109, 33, ''),
(2033, 109, 34, ''),
(2034, 109, 35, ''),
(2035, 109, 36, ''),
(2036, 109, 37, ''),
(2037, 109, 38, ''),
(2038, 109, 39, ''),
(2039, 109, 40, ''),
(2040, 110, 1, '130px'),
(2041, 110, 2, ''),
(2042, 110, 3, ''),
(2043, 110, 4, 'auto'),
(2044, 110, 5, ''),
(2045, 110, 6, ''),
(2046, 110, 7, ''),
(2047, 110, 8, '20px'),
(2048, 110, 9, ''),
(2049, 110, 10, ''),
(2050, 110, 11, ''),
(2051, 110, 12, ''),
(2052, 110, 13, ''),
(2053, 110, 14, ''),
(2054, 110, 15, ''),
(2055, 110, 16, ''),
(2056, 110, 17, ''),
(2057, 110, 18, ''),
(2058, 110, 19, ''),
(2059, 110, 20, ''),
(2060, 110, 21, ''),
(2061, 110, 22, ''),
(2062, 110, 23, ''),
(2063, 110, 24, ''),
(2064, 110, 25, ''),
(2065, 110, 26, ''),
(2066, 110, 33, ''),
(2067, 110, 34, ''),
(2068, 110, 35, ''),
(2069, 110, 36, ''),
(2070, 110, 37, ''),
(2071, 110, 38, ''),
(2072, 110, 39, ''),
(2073, 110, 40, ''),
(2074, 111, 6, ''),
(2075, 111, 8, ''),
(2076, 111, 9, ''),
(2077, 111, 27, '24px'),
(2078, 111, 28, 'serif'),
(2079, 111, 29, 'white'),
(2080, 111, 30, ''),
(2081, 111, 31, 'center'),
(2082, 111, 32, ''),
(2083, 112, 9, '15px'),
(2084, 112, 27, '16px'),
(2085, 112, 28, 'serif'),
(2086, 112, 29, 'white'),
(2087, 112, 30, ''),
(2088, 112, 31, 'center'),
(2089, 112, 32, ''),
(2090, 113, 1, ''),
(2091, 113, 2, ''),
(2092, 113, 3, ''),
(2093, 113, 4, ''),
(2094, 113, 5, ''),
(2095, 113, 6, ''),
(2096, 113, 7, ''),
(2097, 113, 8, ''),
(2098, 113, 15, ''),
(2099, 113, 16, ''),
(2100, 113, 17, ''),
(2101, 113, 18, ''),
(2102, 113, 19, ''),
(2103, 113, 20, ''),
(2104, 113, 21, ''),
(2105, 113, 22, ''),
(2106, 113, 33, ''),
(2107, 114, 1, '310px'),
(2108, 114, 2, '250px'),
(2109, 114, 3, ''),
(2110, 114, 4, '5px'),
(2111, 114, 5, ''),
(2112, 114, 6, ''),
(2113, 114, 7, ''),
(2114, 114, 8, ''),
(2115, 114, 9, ''),
(2116, 114, 10, ''),
(2117, 114, 11, ''),
(2118, 114, 12, ''),
(2119, 114, 13, ''),
(2120, 114, 14, ''),
(2121, 114, 15, ''),
(2122, 114, 16, ''),
(2123, 114, 17, ''),
(2124, 114, 18, ''),
(2125, 114, 19, 'left'),
(2126, 114, 20, ''),
(2127, 114, 21, ''),
(2128, 114, 22, ''),
(2129, 114, 23, ''),
(2130, 114, 24, ''),
(2131, 114, 25, ''),
(2132, 114, 26, ''),
(2133, 114, 33, ''),
(2134, 114, 34, ''),
(2135, 114, 35, ''),
(2136, 114, 36, ''),
(2137, 114, 37, ''),
(2138, 114, 38, ''),
(2139, 114, 39, ''),
(2140, 114, 40, ''),
(2141, 115, 1, '130px'),
(2142, 115, 2, ''),
(2143, 115, 3, ''),
(2144, 115, 4, 'auto'),
(2145, 115, 5, ''),
(2146, 115, 6, ''),
(2147, 115, 7, ''),
(2148, 115, 8, '20px'),
(2149, 115, 9, ''),
(2150, 115, 10, ''),
(2151, 115, 11, ''),
(2152, 115, 12, ''),
(2153, 115, 13, ''),
(2154, 115, 14, ''),
(2155, 115, 15, ''),
(2156, 115, 16, ''),
(2157, 115, 17, ''),
(2158, 115, 18, ''),
(2159, 115, 19, ''),
(2160, 115, 20, ''),
(2161, 115, 21, ''),
(2162, 115, 22, ''),
(2163, 115, 23, ''),
(2164, 115, 24, ''),
(2165, 115, 25, ''),
(2166, 115, 26, ''),
(2167, 115, 33, ''),
(2168, 115, 34, ''),
(2169, 115, 35, ''),
(2170, 115, 36, ''),
(2171, 115, 37, ''),
(2172, 115, 38, ''),
(2173, 115, 39, ''),
(2174, 115, 40, ''),
(2175, 116, 6, ''),
(2176, 116, 8, ''),
(2177, 116, 9, ''),
(2178, 116, 27, '24px'),
(2179, 116, 28, 'serif'),
(2180, 116, 29, 'white'),
(2181, 116, 30, ''),
(2182, 116, 31, 'center'),
(2183, 116, 32, ''),
(2184, 117, 9, '15px'),
(2185, 117, 27, '16px'),
(2186, 117, 28, 'serif'),
(2187, 117, 29, 'white'),
(2188, 117, 30, ''),
(2189, 117, 31, 'center'),
(2190, 117, 32, ''),
(2191, 118, 1, ''),
(2192, 118, 2, ''),
(2193, 118, 3, ''),
(2194, 118, 4, ''),
(2195, 118, 5, ''),
(2196, 118, 6, ''),
(2197, 118, 7, ''),
(2198, 118, 8, ''),
(2199, 118, 15, ''),
(2200, 118, 16, ''),
(2201, 118, 17, ''),
(2202, 118, 18, ''),
(2203, 118, 19, ''),
(2204, 118, 20, ''),
(2205, 118, 21, ''),
(2206, 118, 22, ''),
(2207, 118, 33, ''),
(2208, 119, 1, '310px'),
(2209, 119, 2, '250px'),
(2210, 119, 3, ''),
(2211, 119, 4, '5px'),
(2212, 119, 5, ''),
(2213, 119, 6, ''),
(2214, 119, 7, ''),
(2215, 119, 8, ''),
(2216, 119, 9, ''),
(2217, 119, 10, ''),
(2218, 119, 11, ''),
(2219, 119, 12, ''),
(2220, 119, 13, ''),
(2221, 119, 14, ''),
(2222, 119, 15, ''),
(2223, 119, 16, ''),
(2224, 119, 17, ''),
(2225, 119, 18, ''),
(2226, 119, 19, 'left'),
(2227, 119, 20, ''),
(2228, 119, 21, ''),
(2229, 119, 22, ''),
(2230, 119, 23, ''),
(2231, 119, 24, ''),
(2232, 119, 25, ''),
(2233, 119, 26, ''),
(2234, 119, 33, ''),
(2235, 119, 34, ''),
(2236, 119, 35, ''),
(2237, 119, 36, ''),
(2238, 119, 37, ''),
(2239, 119, 38, ''),
(2240, 119, 39, ''),
(2241, 119, 40, ''),
(2242, 120, 1, '130px'),
(2243, 120, 2, ''),
(2244, 120, 3, ''),
(2245, 120, 4, 'auto'),
(2246, 120, 5, ''),
(2247, 120, 6, ''),
(2248, 120, 7, ''),
(2249, 120, 8, '20px'),
(2250, 120, 9, ''),
(2251, 120, 10, ''),
(2252, 120, 11, ''),
(2253, 120, 12, ''),
(2254, 120, 13, ''),
(2255, 120, 14, ''),
(2256, 120, 15, ''),
(2257, 120, 16, ''),
(2258, 120, 17, ''),
(2259, 120, 18, ''),
(2260, 120, 19, ''),
(2261, 120, 20, ''),
(2262, 120, 21, ''),
(2263, 120, 22, ''),
(2264, 120, 23, ''),
(2265, 120, 24, ''),
(2266, 120, 25, ''),
(2267, 120, 26, ''),
(2268, 120, 33, ''),
(2269, 120, 34, ''),
(2270, 120, 35, ''),
(2271, 120, 36, ''),
(2272, 120, 37, ''),
(2273, 120, 38, ''),
(2274, 120, 39, ''),
(2275, 120, 40, ''),
(2276, 121, 6, ''),
(2277, 121, 8, ''),
(2278, 121, 9, ''),
(2279, 121, 27, '24px'),
(2280, 121, 28, 'serif'),
(2281, 121, 29, 'white'),
(2282, 121, 30, ''),
(2283, 121, 31, 'center'),
(2284, 121, 32, ''),
(2285, 122, 9, '15px'),
(2286, 122, 27, '16px'),
(2287, 122, 28, 'serif'),
(2288, 122, 29, 'white'),
(2289, 122, 30, ''),
(2290, 122, 31, 'center'),
(2291, 122, 32, ''),
(2292, 123, 1, ''),
(2293, 123, 2, ''),
(2294, 123, 3, ''),
(2295, 123, 4, ''),
(2296, 123, 5, ''),
(2297, 123, 6, ''),
(2298, 123, 7, ''),
(2299, 123, 8, ''),
(2300, 123, 15, ''),
(2301, 123, 16, ''),
(2302, 123, 17, ''),
(2303, 123, 18, ''),
(2304, 123, 19, ''),
(2305, 123, 20, ''),
(2306, 123, 21, ''),
(2307, 123, 22, ''),
(2308, 123, 33, ''),
(2309, 124, 1, '310px'),
(2310, 124, 2, '250px'),
(2311, 124, 3, ''),
(2312, 124, 4, '5px'),
(2313, 124, 5, ''),
(2314, 124, 6, ''),
(2315, 124, 7, ''),
(2316, 124, 8, ''),
(2317, 124, 9, ''),
(2318, 124, 10, ''),
(2319, 124, 11, ''),
(2320, 124, 12, ''),
(2321, 124, 13, ''),
(2322, 124, 14, ''),
(2323, 124, 15, ''),
(2324, 124, 16, ''),
(2325, 124, 17, ''),
(2326, 124, 18, ''),
(2327, 124, 19, 'left'),
(2328, 124, 20, ''),
(2329, 124, 21, ''),
(2330, 124, 22, ''),
(2331, 124, 23, ''),
(2332, 124, 24, ''),
(2333, 124, 25, ''),
(2334, 124, 26, ''),
(2335, 124, 33, ''),
(2336, 124, 34, ''),
(2337, 124, 35, ''),
(2338, 124, 36, ''),
(2339, 124, 37, ''),
(2340, 124, 38, ''),
(2341, 124, 39, ''),
(2342, 124, 40, ''),
(2343, 125, 1, '130px'),
(2344, 125, 2, ''),
(2345, 125, 3, ''),
(2346, 125, 4, 'auto'),
(2347, 125, 5, ''),
(2348, 125, 6, ''),
(2349, 125, 7, ''),
(2350, 125, 8, '20px'),
(2351, 125, 9, ''),
(2352, 125, 10, ''),
(2353, 125, 11, ''),
(2354, 125, 12, ''),
(2355, 125, 13, ''),
(2356, 125, 14, ''),
(2357, 125, 15, ''),
(2358, 125, 16, ''),
(2359, 125, 17, ''),
(2360, 125, 18, ''),
(2361, 125, 19, ''),
(2362, 125, 20, ''),
(2363, 125, 21, ''),
(2364, 125, 22, ''),
(2365, 125, 23, ''),
(2366, 125, 24, ''),
(2367, 125, 25, ''),
(2368, 125, 26, ''),
(2369, 125, 33, ''),
(2370, 125, 34, ''),
(2371, 125, 35, ''),
(2372, 125, 36, ''),
(2373, 125, 37, ''),
(2374, 125, 38, ''),
(2375, 125, 39, ''),
(2376, 125, 40, ''),
(2377, 126, 6, ''),
(2378, 126, 8, ''),
(2379, 126, 9, ''),
(2380, 126, 27, '24px'),
(2381, 126, 28, 'serif'),
(2382, 126, 29, 'white'),
(2383, 126, 30, ''),
(2384, 126, 31, 'center'),
(2385, 126, 32, ''),
(2386, 127, 9, '15px'),
(2387, 127, 27, '16px'),
(2388, 127, 28, 'serif'),
(2389, 127, 29, 'white'),
(2390, 127, 30, ''),
(2391, 127, 31, 'center'),
(2392, 127, 32, ''),
(2393, 128, 1, ''),
(2394, 128, 2, ''),
(2395, 128, 3, ''),
(2396, 128, 4, ''),
(2397, 128, 5, ''),
(2398, 128, 6, ''),
(2399, 128, 7, ''),
(2400, 128, 8, ''),
(2401, 128, 15, ''),
(2402, 128, 16, ''),
(2403, 128, 17, ''),
(2404, 128, 18, ''),
(2405, 128, 19, ''),
(2406, 128, 20, ''),
(2407, 128, 21, ''),
(2408, 128, 22, ''),
(2409, 128, 33, ''),
(2410, 129, 1, ''),
(2411, 129, 3, ''),
(2412, 129, 2, ''),
(2413, 129, 4, ''),
(2414, 129, 5, ''),
(2415, 129, 6, ''),
(2416, 129, 7, ''),
(2417, 129, 8, ''),
(2418, 129, 9, ''),
(2419, 129, 10, ''),
(2420, 129, 11, ''),
(2421, 129, 12, ''),
(2422, 129, 13, ''),
(2423, 129, 14, ''),
(2424, 129, 15, ''),
(2425, 129, 16, ''),
(2426, 129, 17, ''),
(2427, 129, 18, ''),
(2428, 129, 19, ''),
(2429, 129, 20, ''),
(2430, 129, 21, ''),
(2431, 129, 22, ''),
(2432, 129, 23, ''),
(2433, 129, 24, ''),
(2434, 129, 25, ''),
(2435, 129, 26, ''),
(2436, 129, 33, ''),
(2437, 129, 34, ''),
(2438, 129, 35, ''),
(2439, 129, 36, ''),
(2440, 129, 37, ''),
(2441, 129, 38, ''),
(2442, 129, 39, ''),
(2443, 129, 40, ''),
(2444, 130, 1, '100%'),
(2445, 130, 3, ''),
(2446, 130, 2, '70px'),
(2447, 130, 4, ''),
(2448, 130, 5, ''),
(2449, 130, 6, ''),
(2450, 130, 7, ''),
(2451, 130, 8, ''),
(2452, 130, 9, ''),
(2453, 130, 10, ''),
(2454, 130, 11, '10px'),
(2455, 130, 12, ''),
(2456, 130, 13, '10px'),
(2457, 130, 14, ''),
(2458, 130, 15, ''),
(2459, 130, 16, ''),
(2460, 130, 17, ''),
(2461, 130, 18, ''),
(2462, 130, 19, ''),
(2463, 130, 20, ''),
(2464, 130, 21, ''),
(2465, 130, 22, ''),
(2466, 130, 23, ''),
(2467, 130, 24, ''),
(2468, 130, 25, ''),
(2469, 130, 26, ''),
(2470, 130, 33, ''),
(2471, 130, 34, ''),
(2472, 130, 35, ''),
(2473, 130, 36, ''),
(2474, 130, 37, ''),
(2475, 130, 38, ''),
(2476, 130, 39, ''),
(2477, 130, 40, ''),
(2478, 131, 1, '980px'),
(2479, 131, 3, ''),
(2480, 131, 2, '70px'),
(2481, 131, 4, 'auto'),
(2482, 131, 5, ''),
(2483, 131, 6, ''),
(2484, 131, 7, ''),
(2485, 131, 8, ''),
(2486, 131, 9, ''),
(2487, 131, 10, ''),
(2488, 131, 11, ''),
(2489, 131, 12, ''),
(2490, 131, 13, ''),
(2491, 131, 14, ''),
(2492, 131, 15, ''),
(2493, 131, 16, ''),
(2494, 131, 17, ''),
(2495, 131, 18, ''),
(2496, 131, 19, ''),
(2497, 131, 20, ''),
(2498, 131, 21, ''),
(2499, 131, 22, ''),
(2500, 131, 23, ''),
(2501, 131, 24, ''),
(2502, 131, 25, ''),
(2503, 131, 26, ''),
(2504, 131, 33, ''),
(2505, 131, 34, ''),
(2506, 131, 35, ''),
(2507, 131, 36, ''),
(2508, 131, 37, ''),
(2509, 131, 38, ''),
(2510, 131, 39, ''),
(2511, 131, 40, ''),
(2518, 133, 2, ''),
(2519, 133, 4, ''),
(2520, 133, 1, ''),
(2521, 133, 3, ''),
(2522, 133, 5, ''),
(2523, 133, 6, ''),
(2524, 133, 7, ''),
(2525, 133, 8, ''),
(2526, 133, 9, ''),
(2527, 133, 10, ''),
(2528, 133, 11, ''),
(2529, 133, 12, ''),
(2530, 133, 13, ''),
(2531, 133, 14, ''),
(2532, 133, 15, ''),
(2533, 133, 16, ''),
(2534, 133, 17, ''),
(2535, 133, 18, ''),
(2536, 133, 19, ''),
(2537, 133, 20, ''),
(2538, 133, 21, ''),
(2539, 133, 22, ''),
(2540, 133, 23, ''),
(2541, 133, 24, ''),
(2542, 133, 25, ''),
(2543, 133, 26, ''),
(2544, 133, 33, ''),
(2545, 133, 34, ''),
(2546, 133, 35, ''),
(2547, 133, 36, ''),
(2548, 133, 37, ''),
(2549, 133, 38, ''),
(2550, 133, 39, ''),
(2551, 133, 40, ''),
(2552, 134, 27, '19px'),
(2553, 134, 28, 'serif'),
(2554, 134, 29, ''),
(2555, 134, 30, '70px'),
(2556, 134, 31, ''),
(2557, 134, 32, ''),
(2558, 135, 1, '200px'),
(2559, 135, 2, '200px'),
(2560, 135, 3, '1px'),
(2561, 135, 4, 'auto'),
(2562, 135, 5, ''),
(2563, 135, 6, ''),
(2564, 135, 7, ''),
(2565, 135, 8, ''),
(2566, 135, 9, ''),
(2567, 135, 10, ''),
(2568, 135, 11, ''),
(2569, 135, 12, ''),
(2570, 135, 13, ''),
(2571, 135, 14, ''),
(2572, 135, 15, ''),
(2573, 135, 16, ''),
(2574, 135, 17, ''),
(2575, 135, 18, ''),
(2576, 135, 19, ''),
(2577, 135, 20, 'solid'),
(2578, 135, 21, 'green'),
(2579, 135, 22, '5px'),
(2580, 135, 23, ''),
(2581, 135, 24, ''),
(2582, 135, 25, ''),
(2583, 135, 26, ''),
(2584, 135, 33, ''),
(2585, 135, 34, ''),
(2586, 135, 35, ''),
(2587, 135, 36, ''),
(2588, 135, 37, ''),
(2589, 135, 38, ''),
(2590, 135, 39, ''),
(2591, 135, 40, ''),
(2592, 136, 6, ''),
(2593, 136, 8, ''),
(2594, 136, 9, ''),
(2595, 136, 27, ''),
(2596, 136, 28, ''),
(2597, 136, 29, ''),
(2598, 136, 30, ''),
(2599, 136, 31, ''),
(2600, 136, 32, ''),
(2601, 137, 6, ''),
(2602, 137, 8, ''),
(2603, 137, 9, ''),
(2604, 137, 27, ''),
(2605, 137, 28, ''),
(2606, 137, 29, ''),
(2607, 137, 30, ''),
(2608, 137, 31, ''),
(2609, 137, 32, '');

-- --------------------------------------------------------

--
-- Table structure for table `manipulation__pages`
--

CREATE TABLE IF NOT EXISTS `manipulation__pages` (
  `id` int(11) NOT NULL AUTO_INCREMENT,
  `name` varchar(255) NOT NULL,
  PRIMARY KEY (`id`)
) ENGINE=InnoDB  DEFAULT CHARSET=utf8 AUTO_INCREMENT=4 ;

--
-- Dumping data for table `manipulation__pages`
--

INSERT INTO `manipulation__pages` (`id`, `name`) VALUES
(1, 'Test Mockup'),
(3, 'Page2');

/*!40101 SET CHARACTER_SET_CLIENT=@OLD_CHARACTER_SET_CLIENT */;
/*!40101 SET CHARACTER_SET_RESULTS=@OLD_CHARACTER_SET_RESULTS */;
/*!40101 SET COLLATION_CONNECTION=@OLD_COLLATION_CONNECTION */;
